{"cameraMode":{"drawMode":0,"name":"Shaded","section":"Shading Mode"},"sceneLighting":false,"audioPlay":false,"sceneViewState":{"m_AlwaysRefresh":false,"showFog":true,"showSkybox":false,"showFlares":true,"showImageEffects":true,"showParticleSystems":true,"showVisualEffectGraphs":true,"m_FxEnabled":true},"in2DMode":false,"pivot":{"x":15.69999885559082,"y":4.042499542236328,"z":-15.600000381469727},"rotation":{"x":0.32663026452064516,"y":0.05947639048099518,"z":-0.020686613395810128,"w":0.9434207677841187},"size":49.07407760620117,"orthographic":false}