{"cameraMode":{"drawMode":0,"name":"Shaded","section":"Shading Mode"},"sceneLighting":false,"audioPlay":false,"sceneViewState":{"m_AlwaysRefresh":false,"showFog":true,"showSkybox":false,"showFlares":true,"showImageEffects":true,"showParticleSystems":true,"showVisualEffectGraphs":true,"m_FxEnabled":true},"in2DMode":false,"pivot":{"x":-3.3392441272735597,"y":4.570551872253418,"z":0.6426642537117004},"rotation":{"x":0.2191513478755951,"y":0.6484272480010986,"z":-0.20293797552585603,"w":0.7002435326576233},"size":0.22985655069351197,"orthographic":false}