{"cameraMode":{"drawMode":0,"name":"Shaded","section":"Shading Mode"},"sceneLighting":true,"audioPlay":false,"sceneViewState":{"m_AlwaysRefresh":false,"showFog":true,"showSkybox":false,"showFlares":true,"showImageEffects":true,"showParticleSystems":true,"showVisualEffectGraphs":true,"m_FxEnabled":true},"in2DMode":false,"pivot":{"x":14.971981048583985,"y":-7.647301197052002,"z":12.168139457702637},"rotation":{"x":0.20717370510101319,"y":0.41679516434669497,"z":-0.09816581755876541,"w":0.8796238303184509},"size":15.249811172485352,"orthographic":false}