{"cameraMode":{"drawMode":0,"name":"Shaded","section":"Shading Mode"},"sceneLighting":false,"audioPlay":false,"sceneViewState":{"m_AlwaysRefresh":false,"showFog":true,"showSkybox":false,"showFlares":true,"showImageEffects":true,"showParticleSystems":true,"showVisualEffectGraphs":true,"m_FxEnabled":true},"in2DMode":false,"pivot":{"x":11.506450653076172,"y":1.9448280334472657,"z":-5.453784942626953},"rotation":{"x":-0.3637637794017792,"y":-0.005033400841057301,"z":0.001963367685675621,"w":-0.9314799904823303},"size":2.503796100616455,"orthographic":false}