{"cameraMode":{"drawMode":0,"name":"Shaded","section":"Shading Mode"},"sceneLighting":false,"audioPlay":false,"sceneViewState":{"m_AlwaysRefresh":false,"showFog":true,"showSkybox":false,"showFlares":true,"showImageEffects":true,"showParticleSystems":true,"showVisualEffectGraphs":true,"m_FxEnabled":true},"in2DMode":false,"pivot":{"x":-0.416121244430542,"y":2.073202133178711,"z":-0.009114742279052735},"rotation":{"x":0.02938993275165558,"y":0.9397696256637573,"z":-0.33011776208877566,"w":0.08367181569337845},"size":4.596133232116699,"orthographic":false}