{"cameraMode":{"drawMode":0,"name":"Shaded","section":"Shading Mode"},"sceneLighting":true,"audioPlay":false,"sceneViewState":{"m_AlwaysRefresh":false,"showFog":true,"showSkybox":true,"showFlares":true,"showImageEffects":true,"showParticleSystems":true,"showVisualEffectGraphs":true,"m_FxEnabled":true},"in2DMode":false,"pivot":{"x":34.90522766113281,"y":-3.3730597496032717,"z":-18.74380111694336},"rotation":{"x":0.007309004198759794,"y":0.9788636565208435,"z":-0.20129069685935975,"w":0.03554890677332878},"size":7.584681034088135,"orthographic":false}